The Shawshank Redemption,9.3,#Movie#Drama#Classic,2002-06-02,Two imprisoned men bond over a number of years.
The Godfather,9.2,#Movie#Crime#Drama,2014-06-24,The aging patriarch of an organized crime dynasty transfers control.
The Dark Knight,9.0,#Movie#Action#Superhero,2003-04-18,Batman faces the psychological and physical tests of the Joker.
Pulp Fiction,8.9,#Movie#Crime#Drama,2007-12-08,Interwoven tales of LA mobsters
12 Angry Men,9.0,#Movie#Drama#Legal,1996-12-06,A jury holdout attempts to prevent a miscarriage of justice.
Schindler's List,9.0,#Movie#Biography#History,1994-04-04,Oskar Schindler saves Jewish refugees in WWII occupied Poland.
Inception,8.8,#Movie#SciFi#Action,2014-10-28,A thief steals corporate secrets through dream-sharing technology.
Fight Club,8.8,#Movie#Drama#Thriller,2013-05-30,An insomniac office worker forms an underground fight club.
Forrest Gump,8.8,#Movie#Drama#Romance,1990-12-26,US history unfolds through the perspective of an Alabama man.
The Matrix,8.7,#Movie#SciFi#Action,1994-02-08,A computer hacker learns about the true nature of reality.
Goodfellas,8.7,#Movie#Biography#Crime,1995-01-05,The story of Henry Hill and his life in the mob.
Seven,8.6,#Movie#Crime#Mystery,2022-02-25,Two detectives hunt a serial killer using seven deadly sins.
Interstellar,8.7,#Movie#SciFi#Space,2002-11-19,A team of explorers travel through a wormhole in space.
Spirited Away,8.6,#Movie#Anime#Fantasy,2014-01-13,A young girl wanders into a world ruled by gods and spirits.
Saving Private Ryan,8.6,#Movie#War#Drama,2002-10-05,U.S. soldiers go behind enemy lines to retrieve a paratrooper.
The Green Mile,8.6,#Movie#Crime#Drama,2023-01-26,A death row guard discovers an inmate possesses a miracle gift.
Parasite,8.5,#Movie#Thriller#Drama,2009-10-31,Class discrimination threatens a newly formed symbiotic relationship.
Gladiator,8.5,#Movie#Action#Adventure,2018-09-29,A former Roman General sets out to exact vengeance.
The Prestige,8.5,#Movie#Drama#Mystery,2008-07-15,Two stage magicians engage in a battle for ultimate illusion.
Whiplash,8.5,#Movie#Drama#Music,2016-04-26,A promising drummer enlists at a cut-throat music conservatory.
Alien,8.5,#Movie#Horror#SciFi,2021-09-05,A spacecraft crew encounters a deadly lifeform on a distant planet.
Rear Window,8.5,#Movie#Mystery#Thriller,2007-01-13,A wheelchair-bound photographer spies on his neighbors.
Casablanca,8.5,#Movie#Drama#Romance,2000-03-13,A cynical expatriate encounters a former lover in WWII.
Psycho,8.5,#Movie#Horror#Mystery,1990-06-08,A secretary checks into a secluded motel run by Norman Bates.
City of God,8.6,#Movie#Crime#Drama,1996-09-16,Two boys growing up in a violent Rio de Janeiro neighborhood.
Apocalypse Now,8.4,#Movie#War#Drama,2006-06-16,A Army officer is sent to assassinate a renegade officer.
Memento,8.4,#Movie#Mystery#Thriller,2008-03-17,A man with short-term memory loss tracks his wife's killer.
Django Unchained,8.5,#Movie#Western#Drama,2006-06-29,A freed slave sets out to rescue his wife from a plantation.
The Lion King,8.5,#Movie#Animation#Adventure,2003-03-02,A young lion cub flees his kingdom and learns responsibility.
WALL-E,8.4,#Movie#Animation#SciFi,2006-10-31,A small waste-collecting robot embarks on a space journey.
The Shining,8.4,#Movie#Horror#Drama,2002-04-15,A family heads to an isolated hotel with a sinister presence.
The Departed,8.5,#Movie#Crime#Drama,2003-04-15,An undercover cop and a mole in the police identify each other.
Paths of Glory,8.4,#Movie#War#Drama,1996-10-02,A general orders a suicidal attack during World War I.
Sunset Boulevard,8.4,#Movie#Drama#FilmNoir,1992-05-22,A screenwriter is hired by a faded silent-film star.
The Great Dictator,8.4,#Movie#Comedy#Drama,2024-07-22,A Jewish barber is mistaken for a tyrannical dictator.
Avengers: Endgame,8.4,#Movie#Action#Superhero,1999-10-16,The Avengers assemble once more to reverse Thanos's actions.
Spider-Man: Into the Spider-Verse,8.4,#Movie#Animation#Superhero,2024-01-23,Miles Morales becomes Spider-Man with parallel heroes.
Aliens,8.3,#Movie#Action#SciFi,1997-01-07,Marines return to LV-426 to battle xenomorph infestation.
Amélie,8.3,#Movie#Comedy#Romance,2001-09-19,An innocent girl in Paris decides to help those around her.
American History X,8.5,#Movie#Crime#Drama,2003-12-10,A former skinhead tries to save his brother from hate.
Oppenheimer,8.9,#Movie#Biography#History,2017-09-01,The story of American scientist J. Robert Oppenheimer.
Dune: Part Two,8.6,#Movie#SciFi#Adventure,2022-01-09,Paul Atreides unites with Chani and the Fremen for revenge.
The Silence of the Lambs,8.6,#Movie#Crime#Thriller,2024-07-16,An FBI cadet seeks the help of an incarcerated cannibal.
Inglourious Basterds,8.4,#Movie#War#Drama,2013-05-28,In Nazi-occupied France
Good Will Hunting,8.3,#Movie#Drama#Math,2021-12-05,Will Hunting
Requiem for a Dream,8.3,#Movie#Drama#Addiction,2024-10-12,The drug-induced utopias of four individuals shatter.
Eternal Sunshine of the Spotless Mind,8.3,#Movie#Drama#SciFi,2012-05-21,A couple undergoes a procedure to erase memories.
Reservoir Dogs,8.3,#Movie#Crime#Drama,2000-05-10,When a simple heist goes wrong
Coco,8.4,#Movie#Animation#Family,1990-08-16,A young musician enters the Land of the Dead.
Braveheart,8.3,#Movie#Biography#War,2023-11-04,Scottish warrior William Wallace leads a rebellion.
Breaking Bad,9.5,#TVShow#Drama#Crime,2023-05-11,A chemistry teacher turned methamphetamine producer.
Planet Earth II,9.5,#TVShow#Documentary#Nature,1997-09-17,Wildlife documentary exploring diverse habitats across Earth.
Band of Brothers,9.4,#TVShow#War#Drama,2013-05-13,The story of Easy Company
Chernobyl,9.4,#TVShow#Drama#History,2011-03-20,An explosion occurs at the Chernobyl nuclear power plant.
The Wire,9.3,#TVShow#Crime#Drama,2018-01-08,The Baltimore drug scene through dealers and law enforcement.
Avatar: The Last Airbender,9.3,#TVShow#Animation#Action,1996-01-27,A boy undertakes a dangerous mystic quest to save the world.
The Sopranos,9.2,#TVShow#Crime#Drama,2008-12-30,New Jersey mob boss Tony Soprano deals with personal issues.
Game of Thrones,9.2,#TVShow#Fantasy#Drama,2025-04-19,Nine noble families fight for control over Westeros.
Sherlock,9.1,#TVShow#Crime#Mystery,2015-06-23,A modern update on the famous sleuth in 21st century London.
Rick and Morty,9.1,#TVShow#Animation#SciFi,2004-06-12,Exploits of a super scientist and his grandson.
Fullmetal Alchemist: Brotherhood,9.1,#TVShow#Anime#Action,2006-03-18,Two brothers search for a Philosopher's Stone.
The Office,8.9,#TVShow#Comedy#Workplace,2001-01-14,A mockumentary on a group of typical office workers.
Succession,8.9,#TVShow#Drama#Business,2001-08-04,The Roy family fights for control of a global media empire.
Stranger Things,8.7,#TVShow#SciFi#Horror,1992-11-19,Friends witness supernatural forces and government secrets.
Severance,8.7,#TVShow#SciFi#Thriller,2017-05-19,Employees undergo surgery to separate work and personal memories.
The Bear,8.6,#TVShow#Drama#Food,1990-12-15,A young chef returns home to manage his family sandwich shop.
Ted Lasso,8.8,#TVShow#Comedy#Sports,2018-07-20,An American football coach manages a British soccer team.
Fargo,8.9,#TVShow#Crime#Drama,1992-05-15,Chronicles of deception
True Detective,8.9,#TVShow#Crime#Drama,2009-05-11,Police investigations unearth dark seasonal secrets.
Peaky Blinders,8.8,#TVShow#Crime#Drama,1993-01-20,A gangster family epic set in 1900s England.
Dark,8.7,#TVShow#SciFi#Mystery,1992-06-30,A family saga with a supernatural time-travel twist.
Fleabag,8.7,#TVShow#Comedy#Drama,2026-12-06,A dry-witted woman navigates life and love in London.
Better Call Saul,8.9,#TVShow#Crime#Drama,2018-07-24,The trials and tribulations of criminal lawyer Jimmy McGill.
Arcane,9.0,#TVShow#Animation#SciFi,2009-03-09,Two sisters fight on opposite sides of a subterranean war.
The Crown,8.6,#TVShow#Biography#Drama,1993-03-15,Follows the political rivalries during Queen Elizabeth II's reign.
Mindhunter,8.6,#TVShow#Crime#Drama,2020-01-10,FBI agents delve into the psychology of serial killers.
Narcos,8.8,#TVShow#Biography#Crime,1998-03-27,A look at the criminal exploits of drug lord Pablo Escobar.
House of the Dragon,8.5,#TVShow#Fantasy#Drama,2016-05-27,An internal succession war within House Targaryen.
The Last of Us,8.8,#TVShow#Action#SciFi,2023-11-17,A survivor escorts a young girl across a post-apocalyptic US.
Black Mirror,8.7,#TVShow#SciFi#Drama,2012-04-24,An anthology series exploring a twisted high-tech multiverse.
The Mandalorian,8.7,#TVShow#SciFi#Action,2024-03-16,A lone bounty hunter travels the outer reaches of space.
The Boys,8.7,#TVShow#Action#Superhero,2013-12-06,A group of vigilantes set out to take down corrupt superheroes.
Twin Peaks,8.8,#TVShow#Drama#Mystery,1993-02-05,An FBI agent investigates a murder in a rugged town.
Friends,8.9,#TVShow#Comedy#Romance,1997-12-31,Personal lives of six twenty-something friends in Manhattan.
Seinfeld,8.9,#TVShow#Comedy#Sitcom,2022-10-21,Misadventures of neurotic NYC comedian Jerry Seinfeld.
Parks and Recreation,8.6,#TVShow#Comedy#Workplace,1990-02-09,The antics of an Indiana town's public parks department.
Brooklyn Nine-Nine,8.4,#TVShow#Comedy#Crime,2026-03-25,Comedy following the detectives of Brooklyn's 99th precinct.
Westworld,8.5,#TVShow#SciFi#Drama,2025-05-14,A futuristic theme park where robotic hosts gain sentience.
Mad Men,8.7,#TVShow#Drama#History,2015-08-21,A drama about a New York ad agency in the 1960s.
The Shield,8.7,#TVShow#Crime#Drama,2003-08-30,Follows the activities of a corrupt LA police strike team.
Deadwood,8.6,#TVShow#Western#Drama,2004-04-04,Characters navigate life in an 1800s South Dakota camp.
Justified,8.6,#TVShow#Action#Crime,2016-01-12,U.S. Marshal Raylan Givens enforces justice in Kentucky.
Atlanta,8.6,#TVShow#Comedy#Drama,2003-12-01,Two cousins work their way up through the rap scene.
Schitt's Creek,8.5,#TVShow#Comedy#Family,2001-12-19,A wealthy family loses money and moves to a small town.
Curb Your Enthusiasm,8.8,#TVShow#Comedy#Sitcom,2023-05-13,The daily annoyances of TV producer Larry David.
Firefly,8.9,#TVShow#SciFi#Adventure,2003-05-24,A renegade spaceship crew tries to survive on the fringes.
Battlestar Galactica,8.7,#TVShow#SciFi#Action,1997-06-29,Humanity's last fleet flees murderous Cylon robots.
Rome,8.7,#TVShow#Action#Drama,1990-11-06,Historical drama following two Roman soldiers.
Doctor Who,8.6,#TVShow#SciFi#Adventure,1991-02-26,A time lord travels space solving problems with companions.
Supernatural,8.4,#TVShow#Drama#Fantasy,2002-05-31,Two brothers hunt evil supernatural beings across America.
The Legend of Zelda: Tears of the Kingdom,9.6,#Game#Action#OpenWorld,2014-01-30,An epic adventure across the land and skies of Hyrule.
Elden Ring,9.5,#Game#RPG#Soulslike,2006-03-02,A vast fantasy action RPG set in the Lands Between.
The Witcher 3: Wild Hunt,9.4,#Game#RPG#OpenWorld,1990-08-19,A monster hunter searches for his adopted daughter.
Red Dead Redemption 2,9.7,#Game#Action#OpenWorld,2002-04-16,An outlaw navigates the decline of the Wild West.
Grand Theft Auto V,9.7,#Game#Action#OpenWorld,1997-12-07,Three criminals execute heists in Los Santos.
Minecraft,9.0,#Game#Sandbox#Survival,2005-12-28,Place blocks and embark on boundless sandbox adventures.
Portal 2,9.8,#Game#Puzzle#SciFi,1991-10-26,Physics puzzle game set in Aperture Science testing labs.
God of War Ragnarök,9.4,#Game#Action#Adventure,2001-03-17,Kratos and Atreus embark on a mythic Norse journey.
Cyberpunk 2077,8.6,#Game#RPG#Cyberpunk,2022-07-16,Open-world RPG set in the metropolis of Night City.
Baldur's Gate 3,9.6,#Game#RPG#TurnBased,2010-03-29,Party RPG set in the Dungeons & Dragons universe.
Super Mario Odyssey,8.9,#Game#Platformer#Adventure,2000-11-05,Mario travels across kingdoms to save Princess Peach.
Hollow Knight,9.0,#Game#Metroidvania#Indie,1999-05-18,Action-adventure through a ruined insect kingdom.
Tetris Effect,8.8,#Game#Puzzle#Music,2001-03-27,Classic Tetris with trippy music and visuals.
Mass Effect 2,9.5,#Game#RPG#SciFi,2005-08-02,Commander Shepard assembles a squad for a suicide mission.
Half-Life 2,9.6,#Game#FPS#SciFi,2003-07-14,Gordon Freeman leads a resistance against an alien empire.
Terraria,9.8,#Game#Sandbox#Survival,2019-07-13,2D action-adventure sandbox focused on building and combat.
Garry's Mod,9.7,#Game#Sandbox#Physics,2019-08-08,Physics sandbox game with no predefined goals.
No Man's Sky,8.5,#Game#Sandbox#SciFi,2016-12-02,Infinite procedurally generated universe open for exploration.
Satisfactory,9.3,#Game#Sandbox#Automation,2019-03-10,First-person open-world factory building sandbox.
Factorio,9.8,#Game#Sandbox#Strategy,2005-01-30,Build and maintain automated factories on alien worlds.
Valheim,9.0,#Game#Sandbox#Survival,2021-09-09,Viking-themed survival game set in a random world.
Subnautica,9.2,#Game#Sandbox#Survival,2025-09-09,Explore an alien underwater ocean world while surviving.
Kerbal Space Program,9.5,#Game#Sandbox#Simulation,2015-10-14,Build space craft using realistic orbital physics.
The Sims 4,7.8,#Game#Sandbox#Simulation,2015-08-28,Life simulation game with full creative control.
RimWorld,9.8,#Game#Sandbox#ColonySim,2020-02-22,Sci-fi colony sim driven by an AI story generator.
Space Engineers,8.9,#Game#Sandbox#SciFi,2017-09-03,Engineering and construction sandbox in space.
Core Keeper,8.6,#Game#Sandbox#Mining,1991-11-27,Underground mining sandbox adventure filled with bosses.
Project Zomboid,9.3,#Game#Sandbox#ZombieSurvival,2017-07-20,Isometric sandbox survival game in a zombie apocalypse.
Teardown,9.0,#Game#Sandbox#Physics,1994-12-10,Destructible voxel world where you plan heists.
Astroneer,8.8,#Game#Sandbox#SciFi,2020-04-09,Reshape distant worlds using terraforming tools.
Grand Theft Auto,7.5,#Game#Action#2D,2009-01-09,Original top-down crime game across three cities.
Grand Theft Auto: London 1969,7.0,#Game#Action#2D,1996-06-17,Expansion pack taking top-down gameplay to 1960s London.
Grand Theft Auto: London 1961,6.8,#Game#Action#2D,2003-01-14,Prequel expansion set eight years prior to London 1969.
Grand Theft Auto 2,7.8,#Game#Action#2D,2002-11-23,Retro-futuristic Anywhere City with gang respect systems.
Grand Theft Auto III,9.5,#Game#Action#3D,2004-02-04,Transitioned the series into a 3D open-world Liberty City.
Grand Theft Auto: Vice City,9.6,#Game#Action#3D,2016-10-06,1986 Vice City criminal empire building.
Grand Theft Auto: San Andreas,9.8,#Game#Action#3D,1998-11-29,CJ navigates three West Coast cities in 1990s.
Grand Theft Auto Advance,7.0,#Game#Action#Handheld,1996-09-22,Top-down GBA prequel to GTA III.
Grand Theft Auto: Liberty City Stories,8.8,#Game#Action#Handheld,2014-08-31,Toni Cipriani navigates mob politics in Liberty City.
Grand Theft Auto: Vice City Stories,9.0,#Game#Action#Handheld,2015-11-20,Vic Vance builds an empire in Vice City.
Grand Theft Auto IV,9.5,#Game#Action#HD,2025-12-02,Niko Bellic seeks the American Dream in Liberty City.
Grand Theft Auto IV: The Lost and Damned,8.8,#Game#Action#DLC,2017-10-24,Biker Johnny Klebitz rides through Liberty City.
Grand Theft Auto IV: The Ballad of Gay Tony,9.0,#Game#Action#DLC,2008-02-02,Luis Lopez manages Liberty City nightlife and crime.
Grand Theft Auto: Chinatown Wars,9.0,#Game#Action#Handheld,2018-03-29,Cel-shaded top-down adventure following Huang Lee.
Grand Theft Auto Online,8.5,#Game#Action#Multiplayer,2011-08-15,Online multiplayer open-world experience in San Andreas.
Dune,8.8,#Book#SciFi#Classic,2021-08-01,Paul Atreides navigates desert politics on Arrakis.
1984,8.7,#Book#Fiction#Dystopian,2014-03-26,Winston Smith rebels against total state surveillance.
To Kill a Mockingbird,8.8,#Book#Fiction#Classic,2025-08-27,Atticus Finch defends an innocent Black man in Alabama.
The Great Gatsby,8.2,#Book#Fiction#Classic,1990-02-18,Nick Carraway meets wealthy mysterious Jay Gatsby.
Pride and Prejudice,8.6,#Book#Fiction#Romance,2020-12-21,Elizabeth Bennet navigates manners
The Hobbit,8.7,#Book#Fantasy#Adventure,2009-08-28,Bilbo Baggins journeys to reclaim Lonely Mountain.
The Lord of the Rings,9.2,#Book#Fantasy#Classic,2003-08-13,Frodo Baggins must destroy the One Ring in Mordor.
Fahrenheit 451,8.3,#Book#SciFi#Dystopian,1996-04-08,Guy Montag burns books in a futuristic society.
Brave New World,8.2,#Book#SciFi#Dystopian,2024-09-13,Genetically engineered humans live in a controlled society.
Animal Farm,8.4,#Book#Fiction#Satire,1993-07-13,Farm animals stage a rebellion against human owners.
The Catcher in the Rye,7.8,#Book#Fiction#Classic,2023-09-07,Holden Caulfield wanders New York addressing alienation.
The Alchemist,8.1,#Book#Fiction#Philosophical,2015-09-13,Santiago travels from Spain to Egypt pursuing a treasure.
Sapiens: A Brief History of Humankind,8.9,#Book#NonFiction#History,2001-03-20,Yuval Noah Harari surveys human history from cognitive revolution.
Atomic Habits,9.1,#Book#NonFiction#SelfHelp,2000-12-30,James Clear presents tiny changes that yield remarkable results.
Fast and Slow,8.6,#Book#NonFiction#Psychology,2009-09-23,Daniel Kahneman explains two systems of human thought.
Steve Jobs,8.7,#Book#Biography#Tech,2007-05-18,Walter Isaacson chronicles the life of Apple co-founder.
Educated,8.7,#Book#Biography#Memoir,2006-06-28,Tara Westover grows up survivalist and enters college at 17.
Becoming,8.6,#Book#Biography#Memoir,2011-10-05,Michelle Obama reflects on her life
The Code Breaker,8.4,#Book#Biography#Science,2002-02-25,Jennifer Doudna and gene editing with CRISPR.
Man's Search for Meaning,8.9,#Book#NonFiction#Psychology,2004-07-11,Viktor Frankl reflects on surviving concentration camps.
The Count of Monte Cristo,9.1,#Book#Fiction#Adventure,1993-04-29,Edmond Dantès seeks revenge after being falsely imprisoned.
Crime and Punishment,8.8,#Book#Fiction#Classic,2000-09-12,Raskolnikov grapples with guilt after committing murder.
The Brothers Karamazov,9.0,#Book#Fiction#Classic,2012-11-14,Dostoevsky explores faith
War and Peace,8.6,#Book#Fiction#History,2001-05-14,Tolstoy chronicles Napoleon's invasion of Russia.
Anna Karenina,8.5,#Book#Fiction#Romance,2023-03-15,Tragic love story of aristocratic Anna Karenina in Russia.
Moby-Dick,7.9,#Book#Fiction#Adventure,1995-10-09,Captain Ahab seeks vengeance on a white sperm whale.
Frankenstein,8.3,#Book#Horror#SciFi,1992-05-20,Victor Frankenstein creates a sentient monster.
Dracula,8.2,#Book#Horror#Classic,2003-07-20,Count Dracula tries to move from Transylvania to England.
Project Hail Mary,9.2,#Book#SciFi#Space,2024-03-03,A lone astronaut attempts to save Earth from extinction.
The Martian,8.9,#Book#SciFi#Survival,1998-09-19,Mark Watney is stranded alone on Mars and must survive.
Hyperion,8.8,#Book#SciFi#Space,2026-09-04,Seven pilgrims share stories while journeying to Time Tombs.
Neuromancer,8.1,#Book#SciFi#Cyberpunk,2005-04-27,Case is hired for a ultimate cyberspace hack mission.
Foundation,8.5,#Book#SciFi#Classic,2026-05-20,Hari Seldon uses psychohistory to preserve human knowledge.
The Name of the Wind,8.9,#Book#Fantasy#Adventure,2009-10-21,Kvothe recounts his legendary life as a wizard and musician.
The Way of Kings,9.3,#Book#Fantasy#Epic,2003-10-22,Roshar is a world torn by storms and war in Brandon Sanderson's epic.
Mistborn: The Final Empire,9.0,#Book#Fantasy#Heist,1993-04-01,A crew attempts to overthrow a thousand-year immortal Lord.
A Game of Thrones,9.0,#Book#Fantasy#Political,2007-11-14,Noble houses plot for control of the Iron Throne.
The Wheel of Time: The Eye of the World,8.6,#Book#Fantasy#Epic,2009-08-06,Rand al'Thor is hunted by dark forces in the start of an epic saga.
Good Omens,8.5,#Book#Fantasy#Comedy,2022-09-11,An angel and a demon team up to prevent the Apocalypse.
American Gods,8.2,#Book#Fantasy#Mythology,2020-10-02,Old mythological gods fight modern technological gods in America.
Dune Messiah,8.1,#Book#SciFi#Sequel,2005-09-10,Paul Atreides faces political consequences of his jihad.
Children of Dune,8.2,#Book#SciFi#Sequel,2014-11-12,Paul's children inherit a terraformed Arrakis.
Ender's Game,8.8,#Book#SciFi#Military,2010-08-17,Ender Wiggin trains in Battle School to fight aliens.
Speaker for the Dead,8.7,#Book#SciFi#Philosophy,1990-05-04,Ender attempts to understand a new alien species on Lusitania.
The Chronicles of Narnia,8.6,#Book#Fantasy#Children,2013-09-26,Four siblings step through a wardrobe into a magical world.
Harry Potter and the Sorcerer's Stone,8.9,#Book#Fantasy#Magic,1991-03-01,An orphan discovers he is a wizard on his 11th birthday.
Harry Potter and the Deathly Hallows,9.1,#Book#Fantasy#Magic,1991-10-14,Harry searches for Horcruxes to defeat Voldemort.
The Road,8.3,#Book#Fiction#PostApocalyptic,2012-06-18,A father and son walk across burned post-apocalyptic America.
Slaughterhouse-Five,8.5,#Book#SciFi#War,2008-09-16,Billy Pilgrim becomes unstuck in time experiencing WWII Dresden.
Catch-22,8.4,#Book#Fiction#Satire,1992-12-22,Captain Yossarian tries to stay sane during WWII missions.
Thriller,9.5,#Album#Pop#Classic,2015-01-15,Michael Jackson's iconic album featuring Billie Jean and Beat It.
Abbey Road,9.6,#Album#Rock#Classic,2004-12-08,The Beatles' classic 1969 studio album featuring Come Together.
The Dark Side of the Moon,9.7,#Album#Rock#Progressive,2012-01-24,Pink Floyd's landmark progressive rock masterwork.
Back in Black,9.2,#Album#Rock#HardRock,2023-12-29,AC/DC's high-energy tribute album featuring Hells Bells.
Rumours,9.4,#Album#Rock#Pop,2021-09-21,Fleetwood Mac's legendary breakup album filled with hits.
Hotel California,9.0,#Album#Rock#Classic,1990-06-13,Eagles' iconic rock album reflecting Southern California life.
Nevermind,9.4,#Album#Rock#Grunge,2011-01-24,Nirvana brought grunge to mainstream with Smells Like Teen Spirit.
To Pimp a Butterfly,9.6,#Album#HipHop#Jazz,1992-10-27,Kendrick Lamar's masterpiece on race
My Beautiful Dark Twisted Fantasy,9.4,#Album#HipHop#Rap,2026-04-25,Kanye West's maximalist hip-hop magnum opus.
OK Computer,9.5,#Album#Rock#Alternative,1993-11-17,Radiohead's prophetic album predicting modern tech anxiety.
Kid A,9.1,#Album#Electronic#Experimental,2006-06-07,Radiohead pivots to ambient synthesizer soundscapes.
Led Zeppelin IV,9.5,#Album#Rock#HardRock,2011-05-19,Includes Stairway to Heaven and Black Dog.
Purple Rain,9.4,#Album#Pop#R&B,2006-11-09,Prince and The Revolution deliver pop rock masterpieces.
Kind of Blue,9.7,#Album#Jazz#Modal,2002-07-25,Miles Davis records the best-selling modal jazz album ever.
A Love Supreme,9.6,#Album#Jazz#Spiritual,2005-05-25,John Coltrane's four-part spiritual jazz suite.
Pet Sounds,9.5,#Album#Pop#Psychedelic,2023-12-02,The Beach Boys' innovative studio pop production masterpiece.
Random Access Memories,8.9,#Album#Electronic#Disco,2021-07-18,Daft Punk's tribute to late 1970s and 1980s American music.
Discovery,9.3,#Album#Electronic#FrenchHouse,1993-10-02,Daft Punk's electronic classic featuring One More Time.
Blonde,9.3,#Album#R&B#Indie,2011-03-06,Frank Ocean's introspective avant-garde R&B landmark.
Channel Orange,9.0,#Album#R&B#Soul,2019-01-21,Frank Ocean's debut album with storytelling tracks.
Illmatic,9.7,#Album#HipHop#EastCoast,2000-12-08,Nas delivers the definitive 1990s New York hip-hop album.
The Blueprint,9.2,#Album#HipHop#EastCoast,2019-11-09,Jay-Z defines soul-sampled 2000s hip-hop sound.
Good Kid M.A.A.D City,9.5,#Album#HipHop#Storytelling,2013-09-07,Kendrick Lamar's cinematic concept album on growing up in Compton.
Born to Run,9.1,#Album#Rock#Heartland,2007-03-07,Bruce Springsteen's breakthrough rock and roll operational epic.
The Wall,9.2,#Album#Rock#Progressive,2011-01-09,Pink Floyd's double concept album on isolation and war trauma.
Graceland,9.1,#Album#Pop#Worldbeat,2010-06-12,Paul Simon collaborates with South African musicians.
Blue,9.3,#Album#Folk#SingerSongwriter,2013-12-17,Joni Mitchell's acoustic masterpiece on emotional vulnerability.
Tapestry,9.2,#Album#Pop#SingerSongwriter,2011-12-07,Carole King's defining 1971 singer-songwriter album.
Currents,8.9,#Album#Indie#Psychedelic,2014-11-14,Tame Impala synthesizes synth-pop and psychedelic rock.
Demon Days,8.9,#Album#Alternative#HipHop,1996-07-28,Gorillaz blends electronic
Sublime,8.5,#Album#Rock#Ska,2017-02-19,Sublime's self-titled ska-punk classic album.
In the Aeroplane Over the Sea,8.8,#Album#Indie#Folk,2023-05-06,Neutral Milk Hotel's legendary cult indie folk project.
Is This It,9.1,#Album#Rock#Garage,2018-07-19,The Strokes spark the 2000s garage rock revival.
AM,8.8,#Album#Rock#Indie,2010-09-11,Arctic Monkeys deliver dark riff-heavy indie rock hits.
Hybrid Theory,8.9,#Album#Rock#NuMetal,2008-11-01,Linkin Park's debut combining rap
Meteora,8.8,#Album#Rock#NuMetal,2022-06-26,Linkin Park's follow-up featuring Numb and Faint.
Appetite for Destruction,9.3,#Album#Rock#HardRock,2016-06-14,Guns N' Roses debut with Sweet Child O' Mine.
Master of Puppets,9.5,#Album#Metal#Thrash,2004-07-09,Metallica's landmark thrash metal masterpiece.
Ride the Lightning,9.3,#Album#Metal#Thrash,2026-09-05,Metallica's second album showcasing musical progression.
Paranoid,9.3,#Album#Metal#HeavyMetal,1991-03-22,Black Sabbath invents heavy metal tropes.
Standard Apple,8.0,#Fruit#Food#Computers,1993-09-09,An apple.
Banana,6.0,#Fruit#Food#Monkey,1998-12-13,A banana.
Orange,7.5,#Fruit#Food#Citrus,1990-03-21,A juicy orange.
Strawberry,9.0,#Fruit#Food#Berry,2016-01-24,A sweet red strawberry.
Blueberry,8.8,#Fruit#Food#Berry,2003-09-19,Fresh wild blueberries.
Mango,9.2,#Fruit#Food#Tropical,2023-03-29,A ripe tropical mango.
Pineapple,7.8,#Fruit#Food#Tropical,1992-12-12,A tangy pineapple.
Watermelon,8.5,#Fruit#Food#Summer,2000-08-05,A refreshing watermelon slice.
Peach,8.1,#Fruit#Food#StoneFruit,2016-11-07,A soft fuzzy peach.
Grape,8.3,#Fruit#Food#Snack,2012-02-17,Seedless red grapes.
Kiwi,7.2,#Fruit#Food#Tropical,2002-01-27,A tart green kiwi fruit.
Lemon,6.5,#Fruit#Food#Citrus,2007-04-19,A sour yellow lemon.
Lime,6.8,#Fruit#Food#Citrus,2024-01-29,A fresh green lime.
Cherry,8.9,#Fruit#Food#StoneFruit,2023-06-19,Sweet dark red cherries.
Pear,7.0,#Fruit#Food#Juicy,2012-04-19,A soft ripe pear.
Avocado,8.7,#Fruit#Food#Superfood,1990-09-07,A creamy avocado.
Pomegranate,8.4,#Fruit#Food#Antioxidant,2002-03-29,A rich pomegranate full of seeds.
Raspberry,8.6,#Fruit#Food#Berry,2002-12-15,Fresh red raspberries.
Blackberry,8.2,#Fruit#Food#Berry,2005-09-16,Plump sweet blackberries.
Coconut,7.7,#Fruit#Food#Tropical,2015-07-05,A hard coconut with sweet water.
Plum,7.4,#Fruit#Food#StoneFruit,1998-08-17,A sweet dark red plum.
Apricot,7.2,#Fruit#Food#StoneFruit,1998-01-20,A small orange sweet fruit.
Fig,8.0,#Fruit#Food#Sweet,2001-09-18,A soft sweet fig with seeds.
Dragonfruit,7.1,#Fruit#Food#Exotic,2025-10-31,A vibrant magenta fruit with white flesh.
Passion Fruit,8.8,#Fruit#Food#Tropical,2019-04-16,A tart aromatic tropical fruit.
Lychee,8.3,#Fruit#Food#Tropical,1998-12-08,A sweet floral Asian fruit.
Guava,7.6,#Fruit#Food#Tropical,1995-08-09,A pink aromatic tropical fruit.
Papaya,7.3,#Fruit#Food#Tropical,2015-07-04,A soft orange tropical melon.
Cranberry,6.9,#Fruit#Food#Berry,2011-08-12,A tart red berry used in juices.
Grapefruit,6.7,#Fruit#Food#Citrus,2007-12-10,A large bitter-sweet citrus fruit.
Tangerine,8.2,#Fruit#Food#Citrus,2015-12-13,A small easy-to-peel orange.
Clementine,8.4,#Fruit#Food#Citrus,1990-02-12,A sweet seedless small mandarin.
Canteloupe,7.9,#Fruit#Food#Melon,2018-12-20,A sweet orange-fleshed melon.
Honeydew,7.5,#Fruit#Food#Melon,2014-07-31,A sweet green-fleshed melon.
Starfruit,6.8,#Fruit#Food#Exotic,2011-12-12,A star-shaped crisp yellow fruit.
Persimmon,7.8,#Fruit#Food#Autumn,2001-01-17,A honey-sweet autumnal fruit.
Nectarine,8.2,#Fruit#Food#StoneFruit,2015-01-24,A smooth-skinned peach variant.
Boysenberry,8.5,#Fruit#Food#Berry,2001-12-11,A cross between raspberry and blackberry.
Elderberry,7.0,#Fruit#Food#Berry,2000-10-05,A dark berry used in syrups.
Gooseberry,6.8,#Fruit#Food#Berry,1998-04-12,A tart translucent green berry.
Kumquat,7.1,#Fruit#Food#Citrus,2012-04-16,A tiny citrus fruit eaten skin and all.
Durian,5.5,#Fruit#Food#Exotic,2014-11-09,A strong-smelling tropical fruit.
Jackfruit,7.4,#Fruit#Food#Tropical,2022-07-03,A massive spiky tropical fruit.
Rambutan,8.0,#Fruit#Food#Exotic,2020-11-02,A hairy red fruit similar to lychee.
Mulberry,8.1,#Fruit#Food#Berry,2007-08-06,A long dark sweet wild berry.
Plantain,7.2,#Fruit#Food#Cooking,1990-06-28,A starchy banana variant cooked before eating.
Açaí,8.6,#Fruit#Food#Superfood,2012-07-11,A deep purple Amazonian berry.
Blood Orange,8.5,#Fruit#Food#Citrus,2020-04-26,A dark red interior citrus fruit.
Soursop,8.0,#Fruit#Food#Tropical,2003-10-09,A creamy citrus-flavored tropical fruit.
Ugli Fruit,6.6,#Fruit#Food#Citrus,1990-01-31,A Jamaican tangelo hybrid citrus.
MacBook Pro 16,9.4,#Tech#Hardware#Laptop,1999-02-05,M-series powered laptop with high display fidelity.
Dell XPS 15,8.8,#Tech#Hardware#Laptop,2021-11-04,Premium Windows laptop with infinity edge screen.
iPhone 15 Pro,9.0,#Tech#Mobile#Smartphone,2014-05-16,Titanium design smartphone with action button.
Samsung Galaxy S24 Ultra,9.1,#Tech#Mobile#Smartphone,1991-09-26,Flagship Android smartphone with built-in S-Pen.
Google Pixel 8 Pro,8.7,#Tech#Mobile#AI,2026-01-01,Pure Android experience with advanced AI photography.
Sony WH-1000XM5,9.2,#Tech#Audio#Headphones,2020-06-20,Industry leading noise canceling wireless headphones.
Apple AirPods Pro 2,9.3,#Tech#Audio#Earbuds,2000-04-11,In-ear noise canceling earbuds with spatial audio.
LG C3 OLED TV,9.5,#Tech#Display#TV,1991-01-03,Vibrant OLED gaming and home theater television.
Steam Deck OLED,9.4,#Tech#Gaming#Handheld,1991-03-17,Handheld PC gaming console with vibrant screen.
PlayStation 5,9.3,#Tech#Gaming#Console,2012-05-26,Current gen home console with fast SSD storage.
Xbox Series X,9.0,#Tech#Gaming#Console,1994-01-23,Powerful home console with Game Pass integration.
Nintendo Switch OLED,8.8,#Tech#Gaming#Console,2009-10-17,Hybrid handheld home console with 7-inch OLED screen.
Keychron Q1 Pro,9.0,#Tech#Hardware#Keyboard,1992-05-25,Custom mechanical wireless keyboard with aluminum body.
Logitech MX Master 3S,9.4,#Tech#Hardware#Mouse,1999-07-16,Ergonomic productivity mouse with quiet clicks.
ASUS ROG Swift OLED,9.3,#Tech#Display#Monitor,2001-10-10,High refresh rate OLED desktop gaming monitor.
iPad Pro M4,9.2,#Tech#Mobile#Tablet,2014-01-21,Ultra-thin tablet with OLED display and desktop power.
Raspberry Pi 5,9.1,#Tech#Hardware#Computing,2012-05-07,Single-board computer for DIY coding projects.
Anker 737 Power Bank,9.0,#Tech#Gadget#Power,2023-12-17,High capacity portable charger with smart digital display.
Sonos Era 300,8.9,#Tech#Audio#SmartHome,1999-01-31,Spatial audio speaker with Dolby Atmos support.
Kindle Paperwhite,9.2,#Tech#Gadget#Reader,2008-04-08,Waterproof e-reader with glare-free display.
Framework Laptop 13,8.9,#Tech#Hardware#Modular,2022-07-20,Fully repairable modular laptop designed to last.
Apple Watch Series 9,8.8,#Tech#Wearable#Smartwatch,2025-05-23,Fitness and health tracker with double tap gesture.
Garmin Forerunner 965,9.1,#Tech#Wearable#Sports,1999-01-16,GPS running smartwatch with AMOLED screen.
Bose QuietComfort Ultra,9.0,#Tech#Audio#Headphones,2018-09-30,Ultra comfortable noise canceling wireless headphones.
Elgato Stream Deck,8.9,#Tech#Hardware#Streaming,2023-03-12,Customizable studio controller for content creators.
Logitech C920 Webcam,8.4,#Tech#Hardware#Webcam,1995-01-07,Classic 1080p webcam for video conferencing.
Shure SM7B,9.5,#Tech#Audio#Microphone,2013-09-15,Dynamic broadcast microphone for vocal recording.
Rodecaster Pro II,9.2,#Tech#Audio#Mixer,2016-02-04,All-in-one audio production studio for podcasters.
Samsung T7 Shield SSD,9.1,#Tech#Hardware#Storage,2022-09-17,Rugged portable external solid state drive.
CalDigit TS4 Dock,9.3,#Tech#Hardware#Thunderbolt,1994-10-31,18-port Thunderbolt 4 dock for power users.
ProtonVPN,8.8,#Tech#Software#Security,1995-12-08,Privacy-focused encrypted virtual private network service.
Bitwarden,9.3,#Tech#Software#Security,2026-07-23,Open-source cross-platform password management system.
VS Code,9.6,#Tech#Software#Developer,2004-04-18,Extensible source code editor developed by Microsoft.
Docker,9.2,#Tech#Software#DevOps,1998-02-19,Containerization platform for application development.
Obsidian,9.4,#Tech#Software#Productivity,1992-05-16,Markdown-based knowledge graph note taking app.
Notion,8.8,#Tech#Software#Productivity,2004-08-18,All-in-one workspace for notes
Blender,9.5,#Tech#Software#3D,2005-03-18,Free and open source 3D creation suite.
DaVinci Resolve,9.3,#Tech#Software#Video,2013-02-05,Professional video editing and color grading suite.
Figma,9.2,#Tech#Software#Design,2012-03-16,Collaborative web-based interface design platform.
1Password,9.1,#Tech#Software#Security,2011-09-02,Secure password manager with cross-device sync.
Brave Browser,8.7,#Tech#Software#Privacy,1992-04-23,Privacy-default web browser blocking trackers.
Firefox,8.9,#Tech#Software#Web,1992-11-07,Open-source independent web browser.
Linux Mint,9.2,#Tech#Software#OS,2012-11-19,User-friendly desktop Linux distribution.
Arch Linux,8.8,#Tech#Software#OS,1995-03-04,Lightweight customizable Linux distribution for power users.
VLC Media Player,9.5,#Tech#Software#Media,2018-10-07,Open-source multi-format video and audio player.
7-Zip,9.4,#Tech#Software#Utility,2022-03-07,Free file archiver with high compression ratio.
Signal Messenger,9.3,#Tech#Software#Privacy,1999-11-17,Encrypted instant messaging app for private chats.
Raycast,9.4,#Tech#Software#Productivity,2016-11-27,Extendable launcher replacement tool for macOS.
Postman,8.9,#Tech#Software#API,1994-07-14,API platform for building and testing APIs.
Git,9.8,#Tech#Software#Developer,2004-06-01,Distributed version control system for tracking code changes.
Kyoto,9.4,#Place#Travel#Japan,2019-02-06,Ancient Japanese capital famous for temples and gardens.
Tokyo,9.5,#Place#Travel#Japan,2009-05-25,Ultra-modern metropolis paired with historic shrines.
Rome,9.2,#Place#Travel#Italy,2024-09-26,The Eternal City featuring the Colosseum and Vatican.
Paris,9.0,#Place#Travel#France,2024-05-23,Capital of fashion
Machu Picchu,9.6,#Place#Travel#Peru,2001-11-06,Inca citadel set high in the Andes Mountains.
Reykjavik,8.9,#Place#Travel#Iceland,1993-08-26,Gateway to geothermal lagoons and northern lights.
Sydney,9.1,#Place#Travel#Australia,2007-06-08,Harbor city famous for Opera House and Bondi Beach.
New York City,9.3,#Place#Travel#USA,1994-10-01,Global center of culture
Venice,8.8,#Place#Travel#Italy,2003-08-04,Canal city famous for gondolas and historic architecture.
Santorini,9.0,#Place#Travel#Greece,2004-08-08,Aegean island with whitewashed houses and sunsets.
Cairo,8.2,#Place#Travel#Egypt,2024-08-26,Sprawling capital alongside the ancient Pyramids of Giza.
Cape Town,9.1,#Place#Travel#SouthAfrica,2024-04-23,Port city under the shadow of Table Mountain.
Rio de Janeiro,8.7,#Place#Travel#Brazil,2002-05-18,Famed for Copacabana beach and Christ the Redeemer.
Banff National Park,9.5,#Place#Travel#Canada,2007-03-06,Turquoise glacial lakes in the Canadian Rockies.
Serengeti National Park,9.6,#Place#Travel#Tanzania,2023-11-19,Famed for annual wild migration and safari wildlife.
Prague,9.0,#Place#Travel#Czechia,2024-08-05,City of a Hundred Spires with historic Old Town.
Barcelona,9.1,#Place#Travel#Spain,2001-01-12,Famed for Gaudi architecture and vibrant street life.
Amsterdam,8.9,#Place#Travel#Netherlands,2002-12-17,Canal-lined capital known for cycling and museum culture.
Dubrovnik,8.8,#Place#Travel#Croatia,2006-07-07,Walled coastal city on the Adriatic Sea.
Petra,9.4,#Place#Travel#Jordan,2001-09-27,Famous archaeological site carved into pink sandstone.
Great Barrier Reef,9.2,#Place#Travel#Australia,2024-12-11,World's largest coral reef system in the Coral Sea.
Grand Canyon,9.5,#Place#Travel#USA,1995-05-31,Immense steep-sided canyon carved by Colorado River.
Yosemite National Park,9.4,#Place#Travel#USA,2022-10-13,Famed for granite cliffs like El Capitan and giant sequoias.
Queenstown,9.3,#Place#Travel#NewZealand,1996-02-11,Adventure capital set against Southern Alps.
Bangkok,8.7,#Place#Travel#Thailand,1999-08-04,Ornate shrines and vibrant street life in Thailand.
London,9.2,#Place#Travel#UK,2000-03-04,Historic capital with Big Ben and British Museum.
Edinburgh,9.1,#Place#Travel#Scotland,1991-11-20,Historic castle overlooking cobbled Old Town streets.
Vienna,9.1,#Place#Travel#Austria,2013-06-21,Imperial palaces and classical music heritage city.
Budapest,8.9,#Place#Travel#Hungary,1998-06-26,Thermal baths and Parliament on the Danube River.
Lisbon,8.9,#Place#Travel#Portugal,2002-02-20,Hilly coastal capital known for pastel houses and pastel de nata.
Florence,9.3,#Place#Travel#Italy,2019-08-19,Cradle of Renaissance art and architectural marvels.
Dubrovnik,8.8,#Place#Travel#Croatia,2006-11-06,Historic medieval walls along the Adriatic coast.
Auckland,8.5,#Place#Travel#NewZealand,2011-08-30,Major harbor city on the North Island of New Zealand.
Singapore,9.1,#Place#Travel#Asia,2013-12-02,Global financial center with futuristic gardens by the bay.
Seoul,9.2,#Place#Travel#Korea,2004-07-27,Modern skyscrapers
Taipei,9.0,#Place#Travel#Taiwan,2010-10-13,Vibrant night markets and iconic Taipei 101 skyscraper.
Hanoi,8.6,#Place#Travel#Vietnam,2011-08-19,Centuries-old architecture and rich Southeast Asian culture.
Bali,8.7,#Place#Travel#Indonesia,2008-08-17,Indonesian island known for forested volcanic mountains and beaches.
Marrakech,8.5,#Place#Travel#Morocco,2018-08-08,Major economic center with mosques
Istanbul,9.2,#Place#Travel#Turkey,2011-07-08,Historic city straddling Europe and Asia across the Bosphorus.
Copenhagen,9.0,#Place#Travel#Denmark,2015-09-19,Colorful harbor homes
Stockholm,8.9,#Place#Travel#Sweden,2007-02-08,Spans 14 islands with historic Gamla Stan old town.
Oslo,8.6,#Place#Travel#Norway,1997-09-19,Coastal capital known for green spaces and maritime museums.
Helsinki,8.5,#Place#Travel#Finland,2010-08-30,Seaside city of design
Vancouver,9.0,#Place#Travel#Canada,2024-12-04,Coastal seaport city surrounded by mountains in British Columbia.
Montreal,8.8,#Place#Travel#Canada,2022-11-27,French-speaking cultural hub set on an island in the Saint Lawrence.
Honolulu,8.8,#Place#Travel#Hawaii,2000-05-02,Capital of Hawaii with iconic Waikiki Beach.
Zermatt,9.3,#Place#Travel#Switzerland,2010-08-02,Mountain resort famed for skiing and the Matterhorn peak.
Santorini,9.0,#Place#Travel#Greece,2019-02-18,Volcanic island with whitewashed cliffside villages.
Mykonos,8.6,#Place#Travel#Greece,2026-09-21,Greek island known for summer party atmosphere and beaches.
Gloomhaven,9.3,#BoardGame#Strategy#Campaign,2003-07-17,Tactical combat fantasy campaign in a persistent world.
Brass: Birmingham,9.5,#BoardGame#Strategy#Eurogame,2025-04-06,Economic strategy game set in Industrial Revolution England.
Pandemic Legacy: Season 1,9.2,#BoardGame#CoOp#Campaign,2023-11-14,Cooperative game where choices permanently affect future plays.
Terraforming Mars,9.0,#BoardGame#Strategy#SciFi,2015-10-17,Corporations compete to make Mars habitable for humans.
Ark Nova,9.2,#BoardGame#Strategy#Animal,2013-12-04,Plan and design a modern
Wingspan,8.8,#BoardGame#EngineBuilding#Family,2009-12-31,Bird enthusiast card game focusing on habitat preservation.
Catan,8.0,#BoardGame#Strategy#Classic,2008-11-20,Players trade
Ticket to Ride,8.1,#BoardGame#Family#Train,1991-04-18,Cross-country train adventure connecting railway routes.
Codenames,8.3,#BoardGame#Party#Word,1991-07-06,Spymasters give one-word clues to help agents spot secret words.
Carcassonne,8.2,#BoardGame#TilePlacement#Classic,2011-01-02,Tile-placement game building medieval French landscape.
Azul,8.5,#BoardGame#Abstract#Family,1997-01-17,Drafting decorative tiles to embellish the royal palace.
7 Wonders Duel,8.9,#BoardGame#Strategy#2Player,2025-12-07,Head-to-head card drafting civilization game.
Scythe,8.7,#BoardGame#Strategy#EngineBuilding,2007-11-20,Alternate-history 1920s mechs and land control strategy.
Root,8.8,#BoardGame#Strategy#Asymmetric,2022-08-20,Asymmetric woodland creature battle for forest control.
Everdell,8.6,#BoardGame#WorkerPlacement#Card,2007-09-07,Critter colony building game under the boughs of a tree.
Dune: Imperium,9.2,#BoardGame#Strategy#Deckbuilding,2021-10-12,Deck-building and worker placement on desert planet Arrakis.
The Crew: Mission Deep Sea,8.8,#BoardGame#CoOp#TrickTaking,2015-01-14,Cooperative trick-taking game setting out on ocean search.
Spirit Island,9.3,#BoardGame#CoOp#Strategy,2018-05-25,Spirits protect their island home from colonizing invaders.
Cascadia,8.6,#BoardGame#TilePlacement#Animals,1996-06-03,Create habitats and place wildlife across Pacific Northwest.
Splendor,8.1,#BoardGame#EngineBuilding#Card,1996-03-06,Renaissance merchants buy gem mines and gain prestige.
Dominion,8.3,#BoardGame#Deckbuilding#Classic,2023-06-06,Original deck-building card game constructing a kingdom.
Monopoly,6.0,#BoardGame#Classic#Property,2013-03-18,Classic real estate property trading and bankruptcy game.
Scrabble,8.0,#BoardGame#Classic#Word,1996-09-21,Word tile building crossword board game.
Chess,9.5,#BoardGame#Abstract#Classic,1993-11-14,Timeless two-player strategic abstract board game.
Go,9.6,#BoardGame#Abstract#Ancient,2023-08-25,Ancient territorial control board game of simple rules.
Risk,7.2,#BoardGame#Strategy#Conquest,1996-07-23,Global military strategy game of world domination.
Clue,7.3,#BoardGame#Mystery#Deduction,1993-06-04,Solve the murder mystery of Mr. Boddy in Tudor Mansion.
Dixit,7.9,#BoardGame#Party#Art,2014-06-03,Image card association party game with surreal artwork.
Secret Hitler,8.2,#BoardGame#Party#SocialDeduction,2024-05-21,Social deduction game testing trust and political intrigue.
Avalon,8.4,#BoardGame#SocialDeduction#Party,2001-08-25,Good and evil fight for the future of King Arthur's realm.
The Mind,7.5,#BoardGame#CoOp#Card,1996-01-01,Play cards in ascending order without talking to teammates.
Love Letter,8.0,#BoardGame#CardGame#Micro,1996-07-18,Deduction and risk game delivering a letter to the Princess.
Betrayal at House on the Hill,7.6,#BoardGame#Horror#Modular,2026-04-05,Explore a haunted mansion until one player betrays the rest.
Dead of Winter,8.1,#BoardGame#CoOp#Zombie,2003-11-02,Colony survival game grappling with zombies and cold.
Blood Rage,8.7,#BoardGame#Strategy#Miniatures,2020-02-01,Viking clans fight for glory before Ragnarök destroys the world.
Agricola,8.8,#BoardGame#Strategy#WorkerPlacement,2002-01-07,17th-century farming strategy building a balanced homestead.
Puerto Rico,8.5,#BoardGame#Strategy#Economic,2026-07-28,Colonial plantation economy development game.
Castles of Burgundy,9.0,#BoardGame#Strategy#Dice,1992-02-14,Draft dice to build estates and trading networks in France.
Patchwork,8.4,#BoardGame#2Player#Abstract,2013-07-30,Construct the aesthetic quilt using patch tiles.
Hive,8.3,#BoardGame#2Player#Abstract,1994-12-27,Tile movement game surrounding the opponent's Queen Bee.
Gloomhaven: Jaws of the Lion,9.0,#BoardGame#CoOp#Campaign,1993-01-14,Entry-friendly prequel campaign in the Gloomhaven universe.
Lost Ruins of Arnak,8.8,#BoardGame#Strategy#WorkerPlacement,2007-08-24,Explore an uninhabited island to discover ancient artifacts.
Clank!,8.4,#BoardGame#Deckbuilding#Adventure,1990-04-23,Sneak into a dragon's mountain lair to steal treasure.
Architects of the West Kingdom,8.6,#BoardGame#WorkerPlacement#Card,2020-02-13,Construct royal landmarks during the Carolingian Empire.
Great Western Trail,9.0,#BoardGame#Strategy#Deckbuilding,1998-11-18,Herd cattle from Texas to Kansas City railway stations.
Twilight Imperium 4th Ed,9.5,#BoardGame#Strategy#Space,1994-07-26,Epic intergalactic empire conquest and diplomacy.
Nemesis,8.7,#BoardGame#Horror#SciFi,1995-05-06,Semi-cooperative survival on a spaceship infested with aliens.
Sherlock Holmes Consulting Detective,8.6,#BoardGame#CoOp#Deduction,1999-06-17,Solve Victorian London crimes using directories and newspapers.
Mysterium,7.8,#BoardGame#CoOp#Deduction,2023-06-04,Mediums interpret spectral dream clues to solve a murder.
7 Wonders,8.4,#BoardGame#CardDrafting#Family,2001-09-20,Draft cards to develop one of the seven ancient wonders.
Balatro,10.0,,2024-01-26,
Test,5.0,,0001-01-01,
